player_name,delta_diff,delta_avg,MLBAMID
"Williams, Luke",0.011999999999999997,-0.08566666666666667,663897
"Stephenson, Robert",0.13232937481305862,-0.08048710789503291,596112
"Dixon, Brandon",0.010583333333333333,-0.07328571428571429,641525
"Vieira, Thyago",0.054541666666666634,-0.07239583333333333,600986
"Schoop, Jonathan",0.11138888888888888,-0.06452941176470588,570731
"Scott, Tanner",0.08778927935386638,-0.058975516875082755,656945
"Bautista, Félix",0.059171849748635125,-0.05254526504457643,642585
"Uribe, Abner",0.09774661889241364,-0.05237497036764958,682842
"Kimbrel, Craig",0.09314123447877971,-0.05233762739179595,518886
"Hernández, Yonny",0.0934,-0.051500000000000004,660634
"McGee, Easton",0.02065625,-0.05095312499999999,668834
"Hudson, Daniel",0.10953333333333332,-0.05082183908045977,543339
"Bednar, David",0.07210011415015748,-0.04961539148491167,670280
"Chapman, Aroldis",0.09229391391932026,-0.04825255247035139,547973
"Payamps, Joel",0.06108529365644523,-0.047774614015508816,606303
"Donaldson, Josh",0.06393333333333334,-0.04672727272727273,518626
"Calvo, Blair",0.004333333333333335,-0.046636363636363636,663971
"Zavala, Seby",0.10966666666666666,-0.04583333333333334,664874
"Villar, David",0.16975,-0.045625,681584
"Williams, Devin",0.03828830247041121,-0.04454960031313226,642207
"Mayza, Tim",0.054143494651072106,-0.04448655044877259,641835
"Karcher, Ricky",0.06983636363636364,-0.04438095238095238,676689
"Ottavino, Adam",0.06995479953883561,-0.04403271600570551,493603
"Barnhart, Tucker",0.067,-0.04391025641025641,571466
"Guillorme, Luis",0.10883333333333332,-0.04341666666666666,641645
"Poche, Colin",0.0590917940185836,-0.043400534832675766,621363
"Rainey, Tanner",0.10211111111111111,-0.04283333333333333,663432
"Hurt, Kyle",0.014499999999999999,-0.04275,669165
"Chavez, Jesse",0.06611336326314765,-0.042570158195266,445926
"Naughton, Packy",0.02498257575757576,-0.042361111111111106,676050
"Alvarado, José",0.0614054094116173,-0.04078403296686252,621237
"Helsley, Ryan",0.04378271643360531,-0.040647122079915624,664854
"Sims, Lucas",0.04552010157410642,-0.04033133051522775,608371
"Ryan, Ryder",0.08195238095238094,-0.039461538461538465,656924
"Martin, Chris",0.00817730948242857,-0.039294000019977,455119
"Cyr, Tyler",0.057999999999999996,-0.038714285714285715,664202
"Vargas, Carlos",0.11660833333333334,-0.03863333333333333,672841
"Latz, Jake",0.010946248196248204,-0.03805038759689922,656641
"Rodriguez, Elvin",0.02103623188405796,-0.0378723404255319,660730
"Miller, Shelby",0.03015035699006695,-0.03771099527271924,571946
"Chargois, JT",0.04882286771804552,-0.03766080067410102,608638
"Castillo, Diego",0.09952412698412698,-0.03700015873015873,650895
"Sewald, Paul",0.05189634221536824,-0.03693591008889708,623149
"Mlodzinski, Carmen",0.05457495090453567,-0.03684447481206935,669387
"Thielbar, Caleb",0.06488353274140181,-0.03634578459612283,573204
"Jansen, Kenley",0.09407326832911725,-0.03612862321097201,445276
"Weems, Jordan",0.058330280015820496,-0.03551265985278604,607179
"Gómez, Yoendrys",0.005466666666666668,-0.03546666666666667,672782
"Graveman, Kendall",0.057665979002721635,-0.03528803187430325,608665
"Jacob, Alek",0.016098611111111105,-0.0351021505376344,689690
"Sherriff, Ryan",0.04300248538011696,-0.03468513513513514,595411
"Moore, Matt",0.0527599907101175,-0.03463776020093211,519043
"Lamb, Jake",0.20400000000000001,-0.034499999999999996,571875
"Pruitt, Austin",0.07415329464737884,-0.03417273948344105,643493
"Murfee, Penn",0.018391682299182296,-0.03409663222082577,682171
"Yates, Kirby",0.042788749771145065,-0.03384643297754136,489446
"Bukauskas, J.B.",0.04395714285714285,-0.033378571428571424,656266
"Peguero, Elvis",0.05680105042570416,-0.03310347334923214,665625
"Hicks, Jordan",0.056311097895397025,-0.03285531405233709,663855
"Neris, Hector",0.031039988295297367,-0.03268899423239233,593576
"Hentges, Sam",0.0398339914688937,-0.0326773576720425,656529
"Uceta, Edwin",0.006433846153846151,-0.03200000000000001,670955
"Springs, Jeffrey",0.03642121212121211,-0.03162734082397003,605488
"Espada, Jose",0.05292307692307692,-0.03152,664744
"Campbell, Isaiah",0.036683286227360536,-0.03126763298059584,663462
"Vesia, Alex",0.06833496703862403,-0.031208998923963276,681911
"Phillips, Evan",0.03656897408458884,-0.0311111721304656,623465
"Kerkering, Orion",0.16015811965811966,-0.03089333333333334,689147
"Kiner-Falefa, Isiah",0.032385416666666667,-0.030817708333333332,643396
"Gibaut, Ian",0.04373557015259057,-0.030805818501573993,664139
"Cordero, Jimmy",0.022752784648668076,-0.03080297275503104,622772
"Graterol, Brusdar",0.037827880304198876,-0.0307530334595527,660813
"Bickford, Phil",0.07611333305039343,-0.030336885062104885,641360
"Lovelady, Richard",0.029245231964304723,-0.030298709283784968,663992
"Vasquez, Andrew",0.0633812220382987,-0.029937935096794058,607755
"Nittoli, Vinny",0.0047002923976607915,-0.029608108108108117,657697
"Wilson, Bryse",0.04499805116056789,-0.02948479791369432,669060
"Escobar, Eduardo",0.07791964285714287,-0.029033333333333338,500871
"Danner, Hagen",0.10400000000000001,-0.028571428571428564,668470
"Topa, Justin",0.04858290472372464,-0.028567988991696675,623437
"Cosgrove, Tom",0.03186632941552818,-0.02832281202379566,676680
"Hamilton, Ian",0.03898778003813218,-0.02832187912285437,641656
"Felipe, Angel",0.036257286524391794,-0.028056244881244877,665734
"Loup, Aaron",0.049557623166179794,-0.027870222525503037,571901
"Francis, Bowden",0.01511640227984212,-0.027475344778446285,670102
"Devenski, Chris",0.05892736906188884,-0.02731759936926258,606965
"Pilkington, Konnor",0.0028500000000000088,-0.027275000000000004,663455
"Boushley, Caleb",0.09068421052631578,-0.02707894736842105,676961
"Hembree, Heath",0.014666666666666654,-0.026666666666666665,592390
"Wynne, Randy",0.04194117647058824,-0.026558823529411767,691094
"Stewart, Brock",0.029686885753423015,-0.026159079799025455,592779
"Saalfrank, Andrew",0.00860855654761905,-0.026117596726190476,685314
"Kerr, Ray",0.029552592455059562,-0.025973703772470217,678061
"Antone, Tejay",0.014435897435897432,-0.025910256410256412,622088
"Moll, Sam",0.03869646376529019,-0.0258839143643586,594580
"Jiménez, Joe",0.037956521435229484,-0.02580523403944138,641729
"Armstrong, Shawn",0.02289835849100558,-0.02540477097094742,542888
"Smith, Will",0.017672213928375726,-0.02527142295687146,519293
"Anderson, Nick",0.029132262850932896,-0.024871806826757516,623433
"Adam, Jason",0.04222447871239982,-0.024830803260279574,592094
"Borucki, Ryan",0.01649286431794304,-0.024807183941593192,621366
"Díaz, Miguel",0.017948677711177714,-0.02477350355405911,622766
"Fulmer, Carson",0.002064248458985292,-0.024771111111111094,608334
"Pagán, Emilio",0.045218379189289136,-0.0247383959547267,641941
"Garrett, Amir",0.05627472494982588,-0.0246598810553663,607237
"Finnegan, Kyle",0.02908481212418522,-0.024598743553809494,640448
"Crawford, Brandon",0.2626,-0.024500000000000008,543063
"McMillon, John",0.04309375,-0.024453125,669111
"Funderburk, Kody",0.024084894867037722,-0.024347858688930125,681892
"Soriano, José",0.03881087218420036,-0.024329827588675336,667755
"Merryweather, Julian",0.03889850563865686,-0.023891106130229375,657240
"Coulombe, Danny",0.03331857442203104,-0.023287226895204276,543056
"Snell, Blake",0.02853597504849284,-0.02304492254342433,605483
"Lester, Josh",0.09144444444444444,-0.022833333333333334,623507
"Walker, Ryan",0.04011407936028402,-0.022756562342934494,676254
"Krehbiel, Joey",0.02174633699633699,-0.022743827160493828,607216
"Thornton, Trent",0.043279746817090785,-0.0225323731644192,663423
"Reid-Foley, Sean",0.030639192343604113,-0.022437551020408165,656887
"Duran, Jhoan",0.0016986093484390348,-0.02218633589779877,661395
"Holmes, Clay",0.02424922019436531,-0.021959943700451044,605280
"Hartlieb, Geoff",0.02256521739130434,-0.021760869565217392,664129
"Raley, Brooks",0.029380466312522606,-0.021465529362776573,548384
"Ward, Thaddeus",0.06411509598530125,-0.02140693063982801,663658
"Holton, Tyler",0.0038027505021525354,-0.02139710865422786,663947
"Nelson, Nick",0.0008092436974789959,-0.02108695652173914,656793
"Bummer, Aaron",0.049623401658951176,-0.02106200476443724,607481
"Abreu, Bryan",0.007404627728179302,-0.020875095249371034,650556
"Díaz, Alexis",0.013504835364822748,-0.020588484193490506,664747
"May, Dustin",0.008807455738705738,-0.020522851800976807,669160
"Romano, Jordan",0.0016692520993618204,-0.020410194771082964,605447
"Milner, Hoby",0.012441736785175569,-0.02033706044940356,571948
"Baker, Bryan",0.061069181778494935,-0.020229477706467804,641329
"Lawrence, Justin",0.025926169115807675,-0.019939448953903885,664875
"Fulmer, Michael",0.031536593093466264,-0.019697911346947636,605242
"Robertson, David",0.044598251249877964,-0.01958738952657618,502085
"Eaton, Nate",0.014090909090909074,-0.01913636363636364,681987
"Hoffman, Jeff",0.01774432987288556,-0.019116470790986568,656546
"Cruz, Fernando",0.04155250248638705,-0.019007712227815797,518585
"García, Luis",0.019548077712000046,-0.018919123936185372,472610
"Then, Juan",0.00219727891156464,-0.018823979591836737,672730
"Hernandez, Jose",0.03771391053849543,-0.01877364862538412,669796
"King, Michael",0.02763233826279936,-0.018750923408557697,650633
"Stratton, Hunter",0.04158355263157895,-0.01855384615384615,676702
"Busenitz, Alan",0.021410714285714286,-0.018547126436781608,641427
"Little, Luke",0.002178095238095243,-0.018453174603174603,681432
"Jackson, Jay",0.014811042894714653,-0.01845313628204047,543351
"Hader, Josh",0.009668290694039978,-0.018375231576794816,623352
"Bracho, Silvino",0.003736764705882349,-0.018349999999999998,611093
"Ortega, Oliver",0.02688648589065256,-0.018222100970017634,661383
"Kriske, Brooks",0.018522222222222218,-0.018172222222222225,621139
"Greene, Shane",0.048463235294117654,-0.01809090909090909,572888
"Loáisiga, Jonathan",0.040407772036553546,-0.01808735547832187,642528
"Ortiz, Luis F.",0.03666826360773729,-0.017820254161043634,656814
"Leclerc, José",0.018552912877020114,-0.017668556883595775,600917
"Pérez, Francisco",0.06558891211321359,-0.017590860178194136,660906
"Holderman, Colin",0.00926266040850482,-0.01743764833739049,670059
"Woodruff, Brandon",0.01211363792663584,-0.017228347561057844,605540
"Kershaw, Clayton",0.006122726938657001,-0.01705404355938518,477132
"López, Reynaldo",0.02138026695219064,-0.017023601543546107,625643
"De Los Santos, Yerry",0.008830021267766375,-0.01701823129251701,660787
"Boyle, Joe",0.023606382978723403,-0.016898936170212767,671212
"Moreta, Dauri",0.01646164751587363,-0.01686141071446213,664294
"Okert, Steven",0.03771527548702557,-0.016824356387006346,595345
"Brewer, Colten",0.057051282051282064,-0.016820512820512817,605155
"Cano, Yennier",0.010107830864615256,-0.016643216749369395,666974
"Fairbanks, Pete",0.008546154070611774,-0.016610534767001334,664126
"Bass, Anthony",0.04346544988576238,-0.016556748359167716,542914
"Leiter Jr., Mark",0.023725605170310242,-0.016427418684348157,643410
"Givens, Mychal",0.09052040598290599,-0.016338666666666665,571710
"Skubal, Tarik",0.0012856288552717046,-0.016325830269386974,669373
"Romero, JoJo",0.0008215346291737362,-0.016176114387008153,668941
"Weiss, Zack",0.02055811270600745,-0.016072157472157476,592848
"Jarvis, Bryce",0.05288280663780663,-0.016036579379226437,686826
"Alexander, Scott",0.032483458915190354,-0.015851326097960375,518397
"Senga, Kodai",0.021807517366267046,-0.015828694850178054,673540
"Kolarek, Adam",0.005016666666666661,-0.01580119047619048,592473
"Bibee, Tanner",0.013817964535344021,-0.01566478209879269,676440
"deGrom, Jacob",0.006908163265306121,-0.015209183673469387,594798
"Nelson, Kyle",0.0695893692049393,-0.015093165277856377,669459
"Jameson, Drey",0.020634990866717058,-0.014988458528951485,686753
"Ramirez, Nick",0.026395452763592845,-0.01493825152918149,598286
"Young, Danny",0.020177067669172932,-0.014795146520146522,664849
"Strahm, Matt",0.010127058584592471,-0.01478071860704652,621381
"Johnson, Pierce",0.04273160937426808,-0.014752729225104526,572955
"Clase, Emmanuel",0.01917198643348693,-0.014735044946482199,661403
"Vines, Darius",0.047798148148148145,-0.014482407407407406,670241
"Nardi, Andrew",0.012080124972633133,-0.01443814201617917,677053
"Joyce, Ben",0.026332000962000963,-0.01428370921193502,690829
"Pearson, Nate",0.02694069062056553,-0.014093310566352631,663878
"Wingenter, Trey",0.06346286596884286,-0.014090794282908888,622259
"Stallings, Jacob",0.08686730158730158,-0.01403301587301587,607732
"Curtiss, John",0.037443612637362636,-0.014011824633699637,595928
"Iglesias, Raisel",0.014287537856963326,-0.013955396251328618,628452
"Pepiot, Ryan",0.008884412961613219,-0.013954148257241042,686752
"Bazardo, Eduard",0.03069546011586452,-0.013920293847566574,660825
"Sands, Cole",0.00914757377396266,-0.013833777636504912,663485
"Swanson, Erik",0.009832255831994539,-0.013810133861440985,657024
"VerHagen, Drew",0.03879260291877954,-0.01373634097530123,572403
"Scott, Tayler",0.05414230477447389,-0.013732071819112263,605463
"Gray, Sonny",0.00012282717076437556,-0.013688756412048616,543243
"Pallante, Andre",0.022557981367914228,-0.013632523118681548,669467
"Cole, Gerrit",0.00014356692581475768,-0.013462651798800615,543037
"Middleton, Keynan",0.021865731547638014,-0.013436411586247823,641871
"Hernández, Daysbel",0.04944570707070708,-0.013365942028985502,678226
"Burnes, Corbin",0.0121405963125063,-0.013265184519889516,669203
"Brazoban, Huascar",0.031335446141180265,-0.013156585166060185,623211
"Lucas, Easton",0.10752254901960784,-0.013041666666666658,687922
"González, Chi Chi",0.043905458089668614,-0.013009009009009007,592346
"Bird, Jake",0.03004095288840597,-0.01295149233546141,656234
"Pressly, Ryan",0.02530836997238741,-0.012840972576831505,519151
"Almonte, Yency",0.05013724976703826,-0.01281331819075426,622075
"Bard, Daniel",0.03669912539843371,-0.012713271817851477,453268
"Gallen, Zac",0.0009765250918854773,-0.012673769539618754,668678
"Eflin, Zach",0.01579759551341076,-0.012582021061279015,621107
"Thompson, Keegan",0.026063183826612074,-0.012335530819747012,624522
"Bernardino, Brennan",0.0025421792295312953,-0.012316228102009392,657514
"Guerra, Javy",0.09192134790343345,-0.01224084119979842,642770
"Bradish, Kyle",0.006550442460688763,-0.01212548598139124,680694
"Musgrove, Joe",0.01743709236297471,-0.01211007968466144,605397
"Daniel, Davis",0.0031963768115942006,-0.012082417582417581,669721
"Herget, Kevin",0.0395241934832844,-0.012053097407642861,643361
"Suter, Brent",0.028847909806441505,-0.011883111916646195,608718
"Burke, Brock",0.012511304717894169,-0.011881593597309633,656271
"Fried, Max",0.00014354655845746217,-0.011830789485696028,608331
"Sousa, Bennett",0.027033015873015872,-0.01182761904761905,656986
"Verlander, Justin",0.016274218442746877,-0.011802442604049487,434378
"López, Pablo",0.0187454135661744,-0.011781904896294748,641154
"Butto, José",0.012948552154195016,-0.011775236491903162,676130
"Miller, Mason",0.02059703174603174,-0.01174781746031746,695243
"Lorenzen, Michael",0.02060507016749162,-0.011703570436869594,547179
"Garcia, Robert",0.007109415791080884,-0.01155834783397605,676395
"Wacha, Michael",0.0007191897946303531,-0.01149694057632752,608379
"Sánchez, Cristopher",0.02374464535267343,-0.01136979556901181,650911
"Reyes, Pablo",0.09459090909090909,-0.011260869565217387,622569
"Gipson-Long, Sawyer",0.005376811594202894,-0.011193840579710146,687830
"Ruiz, José",0.03622725305069902,-0.011187354912265472,614179
"Brogdon, Connor",0.04586938047017631,-0.011055820457353637,641401
"Hernández, Carlos",0.038452432759369805,-0.010965222953108571,672578
"Long, Sam",0.041999016505931,-0.010852174803581846,669674
"Banda, Anthony",0.030768831400081402,-0.010814111111111115,607455
"Newcomb, Sean",0.012436752136752136,-0.010772995780590716,656794
"Bachman, Sam",0.015493692750486223,-0.010742484111633052,696147
"Valdez, Framber",0.005223752675218251,-0.0105369635039302,664285
"Pérez, Eury",0.009280480098548736,-0.010366882440292007,691587
"Leone, Dominic",0.008204177624640836,-0.010265240182214464,608678
"Perdomo, Angel",0.010730169273328182,-0.01017886623467867,622780
"Ragans, Cole",0.005200962368758079,-0.010063658285056135,666142
"Quintana, José",0.008055948965564348,-0.01002527995508765,500779
"Gray, Josiah",0.004996813231388469,-0.009946834288650211,680686
"Edwards Jr., Carl",0.010907433402346445,-0.009854061076604557,605218
"Sandlin, Nick",0.012409642585503988,-0.009681967599183968,680704
"Milone, Tommy",0.01142682926829268,-0.00960365853658536,543548
"Eovaldi, Nathan",0.02301625818832689,-0.009329721203353444,543135
"Wheeler, Zack",0.009736295098686676,-0.009268254734472561,554430
"Webb, Logan",0.008875621753553673,-0.009260159361625322,657277
"Rodriguez, Eduardo",0.006350442085637596,-0.009216136389909497,593958
"Sale, Chris",0.013151243261167796,-0.009214861465093666,519242
"Ohtani, Shohei",0.0038176377152502536,-0.00912677105180134,660271
"Gausman, Kevin",0.018321615488325175,-0.00902145166180209,592332
"Speier, Gabe",0.019474783868414478,-0.008957084659782316,642100
"Lugo, Seth",0.0018811970379800768,-0.008892592025439346,607625
"Harvey, Hunter",0.022153136847042957,-0.008890127576786514,640451
"Velasquez, Vince",0.03684785714285714,-0.008781428571428572,592826
"Bristo, Braden",0.055269841269841274,-0.008714285714285716,668754
"Miller, Bobby",0.015301497595607793,-0.008545055398000293,676272
"McClanahan, Shane",0.0033879448301821257,-0.008512376791258143,663556
"Martinez, Nick",0.015629682420261436,-0.008459708992197534,607259
"Ober, Bailey",0.016470970612832956,-0.008434449803457901,641927
"Hoeing, Bryan",0.02650756463067183,-0.008400530199029723,663773
"Rosenberg, Kenny",0.03758726132965263,-0.008398037676609104,670046
"Smith-Shawver, AJ",0.024368319727891156,-0.008341245791245792,700363
"González, Victor",0.01148701344255286,-0.00825243721089309,624647
"Bowlan, Jonathan",0.07142142857142858,-0.008120689655172417,680742
"Thompson, Zack",0.009066325328962047,-0.008090282427841622,668868
"Assad, Javier",0.01758013960337913,-0.008083888464685898,665871
"Castillo, Luis",0.01605175641475927,-0.00799737768207331,622491
"Lynch IV, Daniel",0.02281829805996472,-0.00797499265138154,663738
"Foley, Jason",0.010482675238995157,-0.007934596889759135,671345
"Bello, Brayan",0.02367626813431271,-0.00786723444599896,678394
"Henry, Tommy",0.014065475579800688,-0.007839768427617123,674072
"Jackson, Luke",0.004884729832766888,-0.007807562933544405,592426
"Javier, Cristian",0.010716876787438621,-0.0077940865249415455,664299
"Paxton, James",0.027795621614211542,-0.007754748606148832,572020
"Strider, Spencer",0.007511360792634849,-0.0077352258508628785,675911
"Berríos, José",0.0016916422143535047,-0.007684839270181734,621244
"Bassitt, Chris",0.014373536218513627,-0.0075896535413235615,605135
"Elder, Bryce",0.007587678154165355,-0.00752910239146444,693821
"Carlton, Drew",0.052276642702535556,-0.007514059601113171,656290
"Smith, Chad",0.0500817791005291,-0.007320221560846563,663385
"Vest, Will",0.012973923647016201,-0.007300553409610621,676684
"Festa, Matt",0.016696474358974363,-0.007271314102564098,670036
"Lange, Alex",0.004780344579047491,-0.0072483326608239074,656638
"Kelly, Zack",0.031231026785714287,-0.007134486607142855,677161
"Floro, Dylan",0.0001518213579598214,-0.007092715451589986,571670
"Cabrera, Edward",0.0005304832929455324,-0.006965049009983967,665795
"Toussaint, Touki",0.012512345688225068,-0.00690990018524342,657053
"Smith, Drew",0.019726554379577283,-0.006868026778955032,622098
"Kikuchi, Yusei",0.008234743018371866,-0.006846031948111911,579328
"Gilbert, Logan",0.005965659644255506,-0.006831550225195634,669302
"Mushinski, Parker",0.06221670580881107,-0.006817085692085689,656786
"Bubic, Kris",0.022939999999999995,-0.006616666666666665,663460
"Duffy, Matt",0.09666666666666666,-0.006611111111111111,622110
"Manning, Matt",0.010499979649979646,-0.006608056064306064,666159
"Steele, Justin",0.006431035362908429,-0.006521051830805835,657006
"Scherzer, Max",0.007382546000029216,-0.006513195954787038,453286
"Peralta, Sammy",0.037381364589516755,-0.006510960050587718,671111
"García, Deivi",0.01541559139784946,-0.006405107526881721,665620
"Oviedo, Johan",0.012414232068022982,-0.006148522284011491,670912
"Estrada, Jeremiah",0.026075661826599327,-0.005866251221896386,669093
"Tellez, Rowdy",0.14056666666666667,-0.0057272727272727275,642133
"Walker, Taijuan",0.020203941093528768,-0.005593354870576037,592836
"Kelly, Kevin",0.010356043622620437,-0.005407108178307293,687330
"Paddack, Chris",0.0020250000000000016,-0.005362499999999995,663978
"Mejía, J.C.",0.06590927128427129,-0.005175387596899225,650496
"Rea, Colin",0.013261224478498649,-0.005174843927656401,607067
"Tonkin, Michael",0.011851499673022155,-0.005079612536158988,543859
"Williams, Gavin",0.00832020387846281,-0.0049632326436450155,668909
"Shreve, Chasen",0.011827431587154933,-0.004955505647723167,592741
"Means, John",0.022914930555555563,-0.004933159722222222,607644
"Abbott, Andrew",0.006983658768496347,-0.004906829168697304,671096
"Beck, Tristan",0.0018131814828412475,-0.004905253026573041,663941
"Winder, Josh",0.018172906887574072,-0.0048843391693968825,680739
"Berroa, Prelander",0.03433333333333333,-0.00479166666666667,672860
"Cease, Dylan",0.011534500728511565,-0.0047387425235533,656302
"Littell, Zack",0.0004497382488825117,-0.004709363319817176,641793
"Luzardo, Jesús",0.003229858115986196,-0.004605945603577478,666200
"Ryan, Joe",0.01624589305771361,-0.004577380026393752,657746
"Allen, Logan",0.005819899492938461,-0.00451571897723846,671106
"Voth, Austin",0.02506357665163854,-0.004469901382322051,608723
"Cuas, Jose",0.016068069358116138,-0.004232558410419435,621016
"Marte, Yunior",0.03729092864824339,-0.0041457937641952245,628708
"Bellatti, Andrew",0.02097168138790263,-0.004129518783172883,571479
"Montero, Rafael",0.04244432092502873,-0.0040444759213498285,606160
"Gray, Jon",0.012030211259704975,-0.003843033015366081,592351
"Wicks, Jordan",0.031358786848072556,-0.0038033382425135026,696136
"Stanek, Ryne",0.005514316632339098,-0.003778643902445169,592773
"Miley, Wade",0.016177686658549687,-0.003712942244043848,489119
"Peralta, Freddy",0.008782736971879082,-0.0036106686158932284,642547
"Williamson, Brandon",0.008280913085862393,-0.0035879162182405277,682227
"Garcia, Luis",0.007900878684807251,-0.0035147766323024086,677651
"McKenzie, Triston",0.007492753623188397,-0.0034039855072463686,663474
"Zerpa, Angel",0.029363876863876856,-0.003403076685219545,672582
"Glasnow, Tyler",0.0019731937545598532,-0.003383843186397367,607192
"Suárez, Ranger",0.029303311011443785,-0.0029981392106961675,624133
"Stroman, Marcus",0.0018339531504187523,-0.0029451850854056365,573186
"Cobb, Alex",0.0021692046202858783,-0.0029182190578125543,502171
"Hartwig, Grant",0.01711740294716941,-0.0029005921539431065,701643
"Brito, Jhony",0.005846779737089186,-0.002740915458896272,666745
"Kirby, George",0.016032445272664966,-0.002654843065060631,669923
"Lambert, Peter",0.016814397930926928,-0.002602825854811502,663567
"Hall, DL",0.05800427616108726,-0.002431232379820607,669084
"Gage, Matt",0.048850438596491234,-0.0023739316239316287,657424
"Mikolas, Miles",0.004257819971220728,-0.002360522870198913,571945
"Blackburn, Paul",0.012277773527739205,-0.0023417169525488495,621112
"Caceres, Kelvin",0.07156818181818184,-0.0022380952380952348,680983
"Karinchak, James",6.33997982668038e-05,-0.0022178807817428564,675916
"Pérez, Martín",0.0016425230326845442,-0.0021185480472088116,527048
"Matz, Steven",0.0047244214147989985,-0.00211336514713683,571927
"Gaddis, Hunter",0.02894093474426808,-0.0021016313932980574,683769
"Thompson, Mason",0.0342191126612605,-0.002093008021737897,666168
"Keller, Mitch",0.0011679549100462267,-0.0020573570846527437,656605
"Alzolay, Adbert",0.028306130600933836,-0.0020520551994568145,640470
"Houck, Tanner",0.018866258354810546,-0.002033808053872187,656557
"Ginkel, Kevin",0.010542364007465374,-0.0020170239151453355,656464
"Faedo, Alex",0.0030008197439381056,-0.0018848573356468126,656412
"Erceg, Lucas",0.0079947893694488,-0.0018190583067285908,668674
"Stephens, Jackson",0.023419607843137256,-0.001589215686274512,623451
"Clevinger, Mike",0.002660247632073965,-0.001530526138562847,605182
"Avila, Pedro",0.020000023064696986,-0.0015113640022980724,658648
"Acton, Garrett",0.08325969230769228,-0.0014941176470588296,670183
"Garrett, Braxton",0.0018146184749584524,-0.0014283929415307025,666129
"Ramírez, Erasmo",0.023365626244169636,-0.001355513694467804,541640
"Salazar, Eduardo",0.045104229323308265,-0.00129578754578754,674285
"Herget, Jimmy",0.03661751682056956,-0.0011922858670752906,623474
"Tarnok, Freddy",0.017057619047619044,-0.0011475845410627978,676206
"Richards, Trevor",0.009254074110218065,-0.0011034194146254677,670950
"Ort, Kaleb",0.03997680448636332,-0.001100660256818345,672391
"Staumont, Josh",0.03187347178454715,-0.0010148929773929776,622251
"Heasley, Jonathan",0.06091679197994987,-0.0009977443609022608,669169
"Duffey, Tyler",0.06012083333333334,-0.0009032258064516146,608648
"Junis, Jakob",0.0092424507095508,-0.0008365411213947375,596001
"Teheran, Julio",0.006200987617824349,-0.00080210852073097,527054
"Montgomery, Jordan",0.021952654573696245,-0.0007943213472194253,656756
"Alexander, Tyler",0.0025744381784544067,-0.0007756534788177794,641302
"Covey, Dylan",0.002637786723610081,-0.0007065739412023179,592229
"Beeks, Jalen",0.01164265825870578,-0.0007017611249714329,656222
"Peterson, David",0.016329349270230126,-0.0006905507329095673,656849
"Thompson, Ryan",0.015354354896698511,-0.0004964728588211435,657044
"Machado, Andrés",0.02323534374791445,-0.0004400983089580976,600921
"Houser, Adrian",0.009299974800468805,-0.00032713633825290567,605288
"Blanco, Ronel",0.018924269708149657,-0.0003089660751871105,669854
"Rogers, Taylor",0.01683961485681938,-0.00025323335433560985,573124
"Maeda, Kenta",0.0007270531965746364,-0.00021099058786807544,628317
"Dunning, Dane",0.008517636937710996,-0.00010018412229195278,641540
"Robertson, Nick",0.06334312557469528,5.811641598562971e-05,687798
"Miller, Bryce",0.0017050301254958682,0.00011160003006819503,682243
"Giolito, Lucas",0.018699403679006382,0.0001356976095326196,608337
"Puk, A.J.",0.01433390325552323,0.0001986474735314937,640462
"Quantrill, Cal",0.013683752062223553,0.00020937484673089825,615698
"Morton, Charlie",0.00836389912612101,0.00023055447213221104,450203
"Lucchesi, Joey",0.015456009394233894,0.0002647226230559537,664192
"Jiménez, Dany",0.00020983199340342766,0.0002766589540727466,666204
"Hernández, Jonathan",0.018641312858530622,0.0003281494983079895,642546
"France, J.P.",0.011582771512149563,0.00034173411858684656,641585
"Bieber, Shane",0.014815451068046097,0.00038215234178318885,669456
"McCann, James",0.007857142857142863,0.0005000000000000004,543510
"Hatch, Thomas",0.02204445736133715,0.0005074101465215349,641672
"Tapia, Domingo",0.014357010582010589,0.0005152399848828426,593619
"Detmers, Reid",0.003488974350396392,0.0005775292857071532,672282
"Kelly, Merrill",0.013398963908879197,0.0006075066457976226,518876
"Márquez, Germán",0.03642774822695037,0.00062631578947369,608566
"Webb, Jacob",0.001835921763804138,0.000746493091830001,657097
"Fleming, Josh",0.01791227914061247,0.0007669244027577351,676596
"Colomé, Alex",0.0631871212121212,0.0008769841269841308,517008
"Civale, Aaron",0.026016191012806566,0.0009729523706676519,650644
"Cleavinger, Garrett",0.002029212454212453,0.0009889329805996478,664076
"Wood, Alex",0.008405301595785121,0.0010478699062695656,622072
"Crawford, Kutter",0.011093093030127833,0.0010866522950620952,676710
"Clemens, Kody",0.18991666666666668,0.0011011904761904778,665019
"Winans, Allan",0.030466504329004336,0.0012129129129129093,642216
"Canning, Griffin",0.006294139398494797,0.0012813170642012844,656288
"Yacabonis, Jimmy",0.04557760141093473,0.0013134920634920546,642231
"Rodriguez, Grayson",0.014164137771301252,0.0013330579447853501,680570
"Pivetta, Nick",0.01439212708962398,0.0013719894099488829,601713
"Germán, Domingo",0.002554751796159003,0.001372559612081488,593334
"Headrick, Brent",0.04649652129713105,0.0013883992179172906,687396
"Bido, Osvaldo",0.0012357501005938495,0.0013972739500083228,674370
"Curry, Xzavion",0.0046282064169459675,0.0014382852791036671,675540
"Anderson, Tyler",0.0025841037161817883,0.0014978777198838581,542881
"Castillo, Max",0.009456607142857142,0.0015321130952380933,666721
"Rojas, Miguel",0.0007380952380952311,0.0015641025641025712,500743
"Balazovic, Jordan",0.013770644038501187,0.00159768029589458,666364
"Wilson, Steven",0.019575382697676745,0.001674135907593082,621051
"Hill, Rich",0.0225202783106839,0.0017196430379056464,448179
"Domínguez, Seranthony",0.012517767882158012,0.0017394270062852466,622554
"Weber, Ryan",0.04697157142857142,0.0017542142857142862,543901
"Wesneski, Hayden",0.006836472246119046,0.0017911637864127209,669713
"Kopech, Michael",0.015775745807003836,0.0018182348609214953,656629
"Banks, Tanner",0.0049461481655978575,0.0018914455261703712,621383
"Murphy, Chris",0.006281618829513567,0.0019433865127724806,669684
"Crowe, Wil",0.007038505747126437,0.00195960451977401,640444
"Waldichuk, Ken",0.0020612247010484766,0.0019999958880415852,686610
"DeSclafani, Anthony",0.008865211740062101,0.0020226669424470984,543101
"Darvish, Yu",0.009620205230326534,0.0020233953966121826,506433
"Megill, Tylor",0.010155636290598048,0.002124764409416717,656731
"Urías, Julio",0.0028961535008480725,0.0021691393667920803,628711
"Senzatela, Antonio",0.027418067226890757,0.002275362318840582,622608
"Harris, Hobie",0.021671241425241426,0.0023250806383159337,665048
"De Los Santos, Enyel",0.008221100918921989,0.002338770076364748,660853
"Estévez, Carlos",0.0009170985199230225,0.0024595995452906094,608032
"Kremer, Dean",0.006498089018813138,0.002462079136602381,665152
"Ryu, Hyun Jin",0.01634907421983179,0.0024774158114045726,547943
"Nogosek, Stephen",0.030968259070678426,0.002513586277110868,668665
"Vásquez, Randy",0.025651093157488508,0.0026286708446592176,681190
"Garza, Justin",0.045244495708539834,0.0026355650765622087,621057
"Hudson, Bryan",0.02273039215686274,0.0026571428571428597,663542
"May, Trevor",0.022723473519073865,0.0026636654819047504,543507
"Waldron, Matt",0.0026302331349206355,0.0026849082341269827,663362
"Singer, Brady",0.008934166789503132,0.0027717416371769105,663903
"Winn, Keaton",0.015535218253968256,0.0028287202380952404,676775
"Barria, Jaime",0.029132521510160575,0.0028723518968956302,642545
"Gibson, Kyle",0.0005263021504205308,0.002899514711573902,502043
"Criswell, Cooper",0.0003248431155407853,0.002931635289774828,681867
"Mederos, Victor",0.09976041666666666,0.003098958333333331,682989
"Zimmermann, Bruce",0.004653246287762424,0.0031093676814988314,669145
"Silseth, Chase",0.030752642246642245,0.0031095122100122104,681217
"Medina, Luis",0.0034176348775811,0.003159008648165972,665622
"Greene, Hunter",0.005961992716973918,0.0031823723634343964,668881
"Lively, Ben",0.007046787743378451,0.0032163377108308184,594902
"Abreu, Albert",0.014791475132771556,0.0033538122885212207,656061
"Ortiz, Luis L.",0.008046849627030294,0.00361834082765455,682847
"Harrison, Kyle",0.01608667679837893,0.0037803698074974678,690986
"Wells, Tyler",0.018700682498186003,0.003937053493938239,669330
"Reyes, Gerardo",0.006973412698412702,0.003961326530612248,622103
"Irvin, Cole",0.018186421366931427,0.0039819864847625164,608344
"Maton, Phil",0.006089746417435247,0.003985970959100167,664208
"Hancock, Emerson",0.03667177589852008,0.003988505747126435,676106
"Kelly, Michael",0.02874727907013621,0.004009463524980765,547184
"Vargas, Ildemaro",0.13545,0.004024999999999978,545121
"Varland, Louie",0.021514103300294476,0.004049440413344827,686973
"Jackson, Andre",0.01131940494366155,0.004136221888047072,656578
"Adcock, Ty",0.00702715754031544,0.0041423013923013955,686654
"Peralta, Wandy",0.026667156295406787,0.004225226376623752,593974
"Sandoval, Patrick",0.0012879860670749902,0.004305672037377645,663776
"Bradford, Cody",0.012341451628811652,0.004323991098928772,674003
"Gore, MacKenzie",0.0034030313582000117,0.0043294520334514535,669022
"Williams, Trevor",0.00645857042550059,0.004350746135212087,592866
"Flaherty, Jack",0.005751233430784614,0.004592651746025109,656427
"Wantz, Andrew",0.009386049535745653,0.004642808007304395,681806
"Castro, Miguel",0.025488143547434106,0.004650540558395276,612434
"Cecconi, Slade",0.05779631519274375,0.0047689058956916115,677944
"Ramsey, Lane",0.001814279601294716,0.004769330787587939,682010
"Pfaadt, Brandon",0.005371366725692968,0.004772959087310521,694297
"Keller, Brad",0.020422762457668116,0.004900555555555556,641745
"Palencia, Daniel",0.015351820243485189,0.005052081198845905,694037
"Soriano, George",0.02083071010330039,0.005097021482355189,666277
"Liberatore, Matthew",0.011051138162491102,0.005116845537171687,669461
"Law, Derek",0.019164303616861427,0.005132148129855026,571882
"Sheehan, Emmet",0.0011405755001499679,0.005179944051220646,686218
"Kelly, Joe",0.0281959246791238,0.005180237520825465,523260
"Alcantara, Sandy",0.023601789327847483,0.005189441461953298,645261
"Selby, Colin",0.017890720269641457,0.005249702057856638,681882
"Woodford, Jake",0.03188259052191898,0.005495148448043198,663765
"Alcala, Jorge",0.040165035305055066,0.005631374058040726,660896
"Smyly, Drew",0.0024323468732033128,0.005676349408833333,592767
"McCaughan, Darren",0.030655080213903736,0.005783582089552239,670766
"Hollowell, Gavin",0.017217584137380337,0.0059166955078436044,668970
"Whitlock, Garrett",0.008065177389752891,0.006162605563224758,676477
"Stripling, Ross",0.006929618942663569,0.006184565279062185,548389
"Mayers, Mike",0.010810227272727272,0.006250189393939393,594577
"Winckowski, Josh",0.02656157871848788,0.006256755239014951,670174
"Pérez, Cionel",0.014573116402611405,0.006267402622407478,672335
"Greinke, Zack",0.006770262877989173,0.0062805426906854984,425844
"Schmidt, Clarke",0.014230932989761559,0.006336632565433069,657376
"Weissert, Greg",0.014792033141866733,0.006397851070079573,669711
"Frías, Luis",0.006049210230919543,0.0064717093892139605,666818
"Urquidy, José",0.014407902847152853,0.006661684940059939,664353
"Shaw, Bryan",0.0194035477725498,0.006671837224836208,543766
"Diekman, Jake",0.03667588383373905,0.006688003949474096,518617
"Battenfield, Peyton",0.01592844387755103,0.0067978154148257254,685410
"Anderson, Chase",0.01609023570248256,0.006810469077859031,502624
"Martínez, Adrián",0.006851925483650741,0.006884703150547846,661309
"Brown, Hunter",0.000914606535148927,0.0070344259965325635,686613
"Hendricks, Kyle",0.028074684437543133,0.007045095841959972,543294
"Wolf, Jackson",0.12967780938833573,0.007053333333333333,680232
"Freeland, Kyle",0.00010408806128538693,0.007088620993987853,607536
"Pannone, Thomas",0.05316436781609194,0.007101694915254237,623381
"Patton, Spencer",0.008884640522875822,0.007121405228758173,607359
"Marsh, Alec",0.004945803262641504,0.007290187723523487,679525
"Zuñiga, Guillermo",0.0059935897435897355,0.007300000000000002,670871
"Honeywell, Brent",0.01121499521829369,0.0073348453613501455,641703
"Sanmartin, Reiver",0.024715776815776812,0.007347768381489309,665665
"Marinaccio, Ron",0.02165438357465228,0.007435090999331645,676760
"Taylor, Josh",0.050875425274276374,0.007442449740312787,657031
"Irvin, Jake",0.006650965794116371,0.007476654323649209,663623
"Davies, Zach",0.009136463243305975,0.007492924840976691,605200
"Hand, Brad",0.009875405246075879,0.007556451163788266,543272
"Contreras, Roansy",0.017677267449489914,0.007580465707323291,672710
"Feltner, Ryan",0.004383212560386469,0.007917693236714974,663372
"Rasmussen, Drew",0.05768764729105928,0.007966703485517923,656876
"Hunter, Tommy",0.037060388523513524,0.008007265127163087,488984
"Morejon, Adrian",0.004292573696145121,0.008027239229024949,670970
"Ramirez, Yohan",0.02639695985510725,0.008040718724564156,670990
"Gillaspie, Logan",0.059036639610389616,0.008080819805194806,670810
"Marte, José",0.14052553854875285,0.00816072845804989,665896
"Lodolo, Nick",0.03191372775372776,0.008280340760157276,666157
"Keuchel, Dallas",0.017037110865017836,0.008315882352941178,572971
"Lynn, Lance",0.0010912954933573835,0.008362795235777452,458681
"Cousins, Jake",0.005516771094402675,0.008468911862990812,664776
"Cruz, Steven",0.01804544486215539,0.008532203907203904,674444
"Barnes, Jacob",0.03283377614449043,0.008741264674023303,606930
"Davidson, Tucker",0.004934969860856506,0.00874895726934728,656353
"Herrin, Tim",0.010690815748809122,0.00904069523977561,682120
"Santana, Dennis",0.02146447314762532,0.00909538800705467,642701
"Hudson, Dakota",0.033666375347198754,0.009165833928754096,641712
"Baumann, Mike",0.04709503916965416,0.00926179454321936,657508
"Grove, Michael",0.025107189627502125,0.00927009359274984,675627
"Mahle, Tyler",0.03717826086956521,0.009280434782608699,641816
"Moran, Jovani",0.005670647426209824,0.009341368534041885,663558
"Wentz, Joey",0.01102751291949812,0.009404528528525115,666214
"Rutledge, Jackson",0.015605072463768103,0.009420289855072454,671131
"Ashcraft, Graham",0.020036944084161682,0.009657737776346573,668933
"Heller, Ben",0.034426432181724365,0.009706762531023717,621294
"Bradley, Taj",0.004353484829396203,0.009790448449405454,671737
"Vespi, Nick",0.04559604377104376,0.009804134366925064,663989
"Martinez, Seth",0.037032562689899906,0.009829338313169704,661527
"López, Jorge",0.004073292884526038,0.009856353379492611,605347
"Kluber, Corey",0.003239453620077711,0.009910889639461063,446372
"Mariot, Michael",0.007954761904761912,0.010024390243902443,592527
"Schreiber, John",0.015768930274935696,0.010078052316346885,670167
"Yarbrough, Ryan",0.029452074491824173,0.010163134973172264,642232
"Hill, Tim",0.006657141380072202,0.010173351834817244,657612
"Estes, Joey",0.01726666666666667,0.01038888888888889,683155
"Chafin, Andrew",0.016621729597896557,0.010422086501924192,605177
"Sears, JP",0.021090318610223098,0.010498284305111547,676664
"Nola, Aaron",0.02814488750682212,0.01051167986452217,605400
"Garrett, Reed",0.00045045902373488586,0.010563160546350205,657585
"Cabrera, Génesis",0.031122039454923527,0.010572557743102092,650893
"Minter, A.J.",0.02511817778985294,0.010588009183294115,621345
"Suarez, Robert",0.079020610358474,0.01064497362193985,663158
"Cox, Austin",0.025991149083737744,0.010717710178461336,680735
"Farmer, Buck",0.03517655227303214,0.01079167245630277,571656
"Duarte, Daniel",0.0029705553663573105,0.0108481348260358,650960
"Coonrod, Sam",0.005447165532879833,0.010884297052154194,656322
"Manaea, Sean",0.035791074201843125,0.010989432049071143,640455
"La Sorsa, Joe",0.002252363000187675,0.011070427011391678,686747
"Woo, Bryan",0.035924744510008016,0.011313728603078698,693433
"Anderson, Grant",0.02600143719179372,0.011324801850607477,681982
"Burdi, Nick",0.06696085858585858,0.011427536231884059,595897
"Corbin, Patrick",0.010913798875918486,0.011603890178699982,571578
"Montas, Frankie",0.07846153846153846,0.011692307692307696,593423
"Lyles, Jordan",0.0057030165157147174,0.011692406201641548,543475
"Green, Chad",0.03509160353535354,0.011693718434343438,643338
"Kennedy, Brett",0.013244186046511624,0.011901162790697672,664028
"Weathers, Ryan",0.0314330031204623,0.01190280457477427,677960
"Hughes, Brandon",0.01941873735605354,0.011929143810301893,676714
"Logue, Zach",0.02955376344086022,0.011943548387096783,656657
"Shuster, Jared",0.0031284074723713882,0.011966398625269598,694363
"Stratton, Chris",0.02567546398593436,0.01209703860386805,608717
"Crochet, Garrett",0.011075167224080269,0.012124735228539575,676979
"Brigham, Jeff",0.026717662596716377,0.01219964633511945,656257
"Castro, Willi",0.04281818181818184,0.012318181818181824,650489
"Cronin, Declan",0.0023466478696741767,0.012410927960927963,686539
"Ray, Robbie",0.02537729468599034,0.012472527472527473,592662
"Cimber, Adam",0.024875277500277505,0.012594112831612833,643256
"Priester, Quinn",0.022483286647992533,0.012690662931839408,682990
"White, Mitch",0.016889619883040927,0.012722002923976607,669952
"García, Yimi",0.020363151052438713,0.012737151868668164,554340
"Bielak, Brandon",0.0110114636851244,0.01276406517589553,656232
"Carrasco, Carlos",0.0024327989481278903,0.012825715263537627,471911
"McArthur, James",0.046776049791711544,0.012862689389858503,663704
"Suero, Wander",0.014220000000000002,0.013079999999999994,593833
"Sborz, Josh",0.05495464600445865,0.013181731310378903,622250
"Harris, Hogan",0.008786009714765161,0.013563906648906646,663687
"Gallegos, Giovanny",0.027726209697310298,0.013643465664165359,606149
"Stoudt, Levi",0.043136904761904765,0.013667658730158743,686651
"Falter, Bailey",0.011913806903047603,0.013703100263581963,663559
"Soroka, Michael",0.004870067055393583,0.013720562770562762,647336
"Dermody, Matt",0.00044736842105264074,0.013776315789473683,571616
"Snead, Kirby",0.004520891806606092,0.013894969712826851,669912
"Patiño, Luis",0.0432868216175359,0.014029018555779118,672715
"Gonzales, Marco",0.011337226700732719,0.014092609660351594,594835
"Miller, Tyson",0.0204579350490196,0.014095707070707066,668338
"Bush, Matt",5.6727478870323075e-05,0.014121353933422903,456713
"Varland, Gus",0.004573093699230063,0.014204854930423115,681402
"Cortes, Nestor",0.04817977704212998,0.014208402268798314,641482
"Rodón, Carlos",0.01633222046932454,0.014408237824742681,607074
"White, Brendan",0.010373206667934644,0.014730810085946094,686839
"Coleman, Dylan",0.011219768505197791,0.014761257722709746,669395
"Strzelecki, Peter",0.0576741678864441,0.014809916523631355,657265
"Lauer, Eric",0.001666869300911854,0.015058054711246204,641778
"Kuhnel, Joel",0.05375005685510071,0.015153078078078074,669270
"Phillips, Connor",0.026087653061224486,0.015492929292929291,683175
"Bleier, Richard",0.020635105876374724,0.015521719604854035,542947
"Nelson, Ryne",0.023403178633043475,0.015609501249767945,669194
"Martinez, Justin",0.020730236539060063,0.015703911564625844,679885
"Rogers, Trevor",0.043128472222222214,0.015881944444444445,669432
"Misiewicz, Anthony",0.0498737246413717,0.016232465410406585,664948
"Luetge, Lucas",0.03973104858104859,0.016278126503126506,476595
"Kaprielian, James",0.0006501991718972921,0.016312512801663744,621076
"Reyes, Denyi",0.016318394260060924,0.016375251201397982,660593
"Dodd, Dylan",0.0105335113035113,0.016713028357410377,689266
"Seabold, Connor",0.023244835034861498,0.016723353420479297,657756
"Lindgren, Jeff",0.10741666666666666,0.01673333333333333,689167
"Navarro, Edgar",0.03419411764705882,0.016773529411764708,679346
"Weaver, Luke",0.013907164736699123,0.016793344560421454,596133
"Abbott, Cory",0.005908334183875976,0.01692434829409619,676265
"Brieske, Beau",0.05771450753902303,0.01700354869962429,689225
"Richardson, Lyon",0.008331153959810876,0.01701929824561403,680689
"Bolton, Cody",0.005529460635982367,0.01708445877793703,675989
"Gilbert, Tyler",0.024831889382547285,0.017223110448110448,656457
"De León, José",0.06847776199494948,0.01723073476702509,592254
"Smeltzer, Devin",0.003361169467787105,0.017364408263305323,656970
"Saucedo, Tayler",0.02714730048081137,0.017475225406784204,642048
"Olson, Reese",0.04411903495541267,0.01748963845322205,681857
"Castro, Harold",0.23276785714285714,0.017500000000000012,605612
"Spiers, Carson",0.014310429880197324,0.017745210727969356,686730
"Barlow, Scott",0.029291925901180696,0.01786249768964661,605130
"King, John",0.02409731743506988,0.017872089581784784,667463
"Barlow, Joe",0.07276802017427017,0.017986350686350683,669618
"McHugh, Collin",0.035673895567481545,0.01798793614336251,543521
"Walter, Brandon",0.03338554175293307,0.018013750862663908,687888
"Gomber, Austin",0.020744325635734064,0.01801761350587091,596295
"Dubin, Shawn",0.052240196078431375,0.018208333333333333,681869
"Kelley, Trevor",0.006960730158730163,0.018329031746031746,665001
"Brebbia, John",0.04052906708606066,0.018533256344609172,605154
"Kahnle, Tommy",0.06743214752538357,0.01860684547493333,592454
"Padilla, Nicholas",0.03181159420289854,0.018666666666666658,656820
"Suárez, Andrew",0.010556051318551316,0.01876814350033528,605498
"Herrera, Jose",0.24773626373626373,0.018851851851851856,645444
"Willingham, Amos",0.004596552332877771,0.019010074285040087,686294
"Manoah, Alek",0.016314587264366975,0.019109555673218544,666201
"Davis, Noah",0.045061440391759536,0.019162205513784458,663562
"Acevedo, Domingo",0.02923436041083098,0.01965541549953315,642758
"Hedges, Austin",0.048384615384615394,0.019807692307692304,595978
"Adon, Joan",0.061673900862730655,0.019847201882042313,672851
"Clarke, Taylor",0.018195532908701753,0.01987906349106603,664199
"Syndergaard, Noah",0.02728909920906564,0.0199230742010836,592789
"Taillon, Jameson",0.02786413288623627,0.01997017517990203,592791
"Blach, Ty",0.01372711634227439,0.020166990683183377,621389
"Cisnero, José",0.008056864121888795,0.02020966317715084,542585
"Ureña, José",0.023602884353741492,0.020743097643097643,570632
"Koch, Matt",0.06481865685513993,0.020760154233139316,571863
"Morgan, Eli",0.04254213475352529,0.020950506375718807,669212
"Scholtens, Jesse",0.04247778122969923,0.02105487224214403,669947
"Wittgren, Nick",0.01140591877904781,0.02113557428359042,621295
"Underwood Jr., Duane",0.040115882299889646,0.02143818980243612,621249
"Heaney, Andrew",0.041986169154779554,0.021454610123702367,571760
"Suarez, José",0.023112332251082262,0.021577167207792212,660761
"Nicolas, Kyle",0.02533333333333334,0.021607843137254907,693312
"Neal, Zach",0.008647635407228422,0.0217457095586406,594943
"Cueto, Johnny",0.02303610583860584,0.021906621683871686,456501
"Rodríguez, José",0.12916666666666668,0.02191666666666668,642578
"Rogers, Tyler",0.06432688557937821,0.02210861733507016,643511
"Jax, Griffin",0.05858920743197198,0.022131977094353286,643377
"McGough, Scott",0.05550804756782549,0.022568779039191522,543518
"Lopez, Jacob",0.06293939393939395,0.022598484848484854,682052
"Ingram, Kolton",0.05536269841269841,0.02262126436781608,688427
"Allard, Kolby",0.014841341341341331,0.022892694063926945,663465
"Soto, Gregory",0.06452545993181259,0.02291103012636591,642397
"Severino, Luis",0.001070165682799655,0.02311167829220342,622663
"Plesac, Zach",0.027102101449275343,0.02351336996336995,668676
"Young, Alex",0.01999906494372983,0.023557091062758124,622065
"Peterson, Jace",0.05316666666666667,0.02372580645161289,607054
"Rom, Drew",0.03106021825396825,0.024103025793650788,680723
"Hjelle, Sean",0.030300599585599594,0.024578615551115558,663546
"Wainwright, Adam",0.015790897823772115,0.02494715600981958,425794
"Howard, Spencer",0.004777777777777745,0.02497222222222223,675921
"Turnbull, Spencer",0.0450896480331263,0.02501376811594203,605513
"Kinley, Tyler",0.03034932730668026,0.025100336346659875,641755
"Chirinos, Yonny",0.07467817159880094,0.0252219913757392,630023
"Sulser, Cole",0.0748956043956044,0.025453703703703704,642121
"Rucker, Michael",0.04654533877617591,0.02545859021252648,621074
"Pop, Zach",0.021803726551226546,0.025606192279942274,647315
"Bowman, Matt",0.023361111111111114,0.025902777777777775,621199
"Moore, McKinley",0.04366789215686275,0.026025252525252528,686842
"Snider, Collin",0.028771939701380495,0.026054686714966316,676092
"Bumgarner, Madison",0.008279506033182494,0.02656229773462782,518516
"Woods Richardson, Simeon",0.027338435374149657,0.02677319587628866,680573
"Boyd, Matthew",0.0398577543371661,0.02683139817698641,571510
"Mears, Nick",0.06679706127206127,0.026841058166639568,683232
"Brash, Matt",0.06761907319962272,0.026916107602098754,666374
"Justice, Evan",0.030342490842490837,0.02694412698412698,687145
"Legumina, Casey",0.022594222298169667,0.02717481867547657,668984
"Lopez, José",0.09754769230769232,0.027509803921568637,673111
"Akin, Keegan",0.057893165331892114,0.02764464540422937,669211
"Veneziano, Anthony",0.056947916666666654,0.027725806451612902,685107
"Norris, Daniel",0.066952876984127,0.028193700396825398,596057
"Vallimont, Chris",0.037866666666666667,0.028454545454545458,681808
"Junk, Janson",0.07932756410256411,0.0285632911392405,676083
"Trejo, Alan",0.2019285714285714,0.02873333333333333,676701
"Owings, Chris",0.5508,0.028999999999999977,572008
"Wright, Kyle",0.03920252659574468,0.03020298245614035,657140
"Muller, Kyle",0.022909794842801732,0.03092020641467236,666205
"Walker, Josh",0.044302546695728515,0.031176914373505286,677020
"Muckenhirn, Zach",0.05210474308300396,0.03127777777777778,669105
"Stone, Gavin",0.03210664924506388,0.03131856852497096,694813
"Morris, Cody",0.014180952380952377,0.03133809523809524,663752
"Santillan, Tony",0.11107407407407408,0.03148148148148148,663574
"Gonsolin, Tony",0.06911729204805056,0.03155162374833676,664062
"Flexen, Chris",0.04069369336270349,0.03169864008308619,623167
"Oller, Adam",0.014879249661246603,0.03181279149519891,670124
"Moronta, Reyes",0.035085164835164835,0.031999999999999994,606625
"Crismatt, Nabil",0.02220047619047621,0.03237476190476192,622503
"Rodríguez, Joely",0.08822086666582281,0.03237998615498615,570257
"Small, Ethan",0.008377731092436978,0.032528985507246366,663629
"Sweet, Devin",0.019741402116402133,0.03277281746031746,682967
"Ferrer, Jose A.",0.054307662423782356,0.033412178889118925,678606
"Hanifee, Brenan",0.06999122807017544,0.03346929824561404,669724
"Kennedy, Ian",0.026031655844155854,0.033745535714285714,453178
"Ford, Mike",0.34472727272727266,0.03381818181818183,645801
"Lamet, Dinelson",0.016260033096974703,0.03418758516227003,659275
"Megill, Trevor",0.06975054579254085,0.03437908808042383,656730
"Kuhl, Chad",0.038582637751137745,0.03464501445776446,641771
"Adams, Austin",0.08240905527564504,0.03475522615005627,613534
"Brosseau, Mike",0.19196726190476193,0.035022222222222225,670712
"Kauffmann, Karl",0.026931786301553746,0.035620705412084716,666154
"Llovera, Mauricio",0.07016761713800819,0.03588140797782001,661440
"Rucinski, Drew",0.010854942375886533,0.036052631578947364,607968
"Waites, Cole",0.0004166666666666763,0.037125000000000005,686972
"Cessa, Luis",0.015350108225108211,0.03755221861471862,570666
"Lawrence, Casey",0.057565129556433905,0.037601493192797535,596271
"De Jesus, Enmanuel",0.0792051282051282,0.039,646241
"Wong, Jake",0.11339285714285716,0.039298245614035096,673858
"Lopez, Nicky",0.025100000000000008,0.03945,670032
"Vodnik, Victor",0.09721014492753623,0.03995652173913043,680767
"Mantiply, Joe",0.10431131499946915,0.040188092500265414,573009
"Jackson, Zach",0.07978799580837119,0.040232720169407474,667427
"Kilian, Caleb",0.08312121212121212,0.04058333333333334,668873
"Stephan, Trevor",0.09112729241242457,0.04077967278289959,663986
"Garcia, Rico",0.04942934618291762,0.040925462962962955,670329
"Watkins, Spenser",0.055622222222222226,0.04136666666666666,657093
"Diaz, Jhonathan",0.06176976284584981,0.041383333333333355,646242
"Jacques, Joe",0.03522861749279105,0.041515236916386276,682175
"McAllister, Zach",0.05758214285714287,0.04177169312169312,502083
"Hernandez, Nick",0.07329166666666666,0.04189583333333333,663321
"Zastryzny, Rob",0.10884563809852633,0.04222160450963409,642239
"Bruihl, Justin",0.08658932406639278,0.042402868831001146,677865
"Doyle, Tommy",0.020541114627577087,0.04331613139946473,656382
"Hill, Garrett",0.018550191570881225,0.04374011299435028,682051
"Naile, James",0.03223544061302683,0.04422250957854406,664942
"Wisely, Brett",0.3012666666666667,0.044272727272727255,689172
"Otto, Glenn",0.08175611111111107,0.04482194444444443,657248
"Fujinami, Shintaro",0.05668764942379467,0.04506921876636354,660261
"Abad, Fernando",0.08487499999999999,0.045577651515151515,472551
"Santos, Gregory",0.1126749488597469,0.04622109439327872,666619
"Kowar, Jackson",0.05756471585697971,0.04634293537723822,663804
"Leahy, Kyle",0.05723863636363635,0.04649999999999999,681517
"Overton, Connor",0.024824999999999986,0.04687083333333334,656818
"Burdi, Zack",0.06326851851851853,0.04750462962962963,641420
"Hearn, Taylor",0.04018110434472934,0.047838125763125766,621368
"Warren, Austin",0.032477272727272744,0.04826190476190476,681810
"Muñoz, Andrés",0.12758636386851047,0.04960562758955429,662253
"De Jong, Chase",0.0036853751187084505,0.049838993710691816,608328
"Hendriks, Liam",0.11577600732600733,0.05000123456790123,521230
"Tepera, Ryan",0.009618669626941682,0.050387616423980056,572193
"Kay, Anthony",0.06604166666666667,0.05068749999999999,641743
"Gott, Trevor",0.08291589936234404,0.05070405252118905,641627
"Boxberger, Brad",0.1065587451562563,0.050845106588538524,502202
"White, Owen",0.13225,0.051958333333333336,669391
"Lee, Dylan",0.09085550110793919,0.05196134719039131,669276
"Doval, Camilo",0.12307843847767667,0.05258919554952587,666808
"Englert, Mason",0.08287153079112032,0.0535352176491729,669438
"Rodríguez, Dereck",0.032345679012345675,0.05451234567901234,605446
"Brasier, Ryan",0.14689386114642067,0.05488749875407615,518489
"Lambert, Jimmy",0.08506364025229156,0.05565940820973716,669424
"Familia, Jeurys",0.10017073661632485,0.05608031796634738,544727
"Speas, Alex",0.06856439393939394,0.05683333333333333,666208
"Andrews, Clayton",0.01622017543859649,0.056997863247863254,677076
"Madris, Bligh",0.3468333333333333,0.05781818181818181,676632
"Faria, Jake",0.09230681818181818,0.058261538461538455,607188
"Miller, Brad",0.13072631578947366,0.0585128205128205,543543
"Faucher, Calvin",0.10185762395249576,0.05893510724076762,676534
"Quijada, José",0.14546338740624454,0.05901105232216343,650671
"McFarland, T.J.",0.08024786324786323,0.060673333333333336,519008
"Barraclough, Kyle",0.05949645390070918,0.06086879432624113,607457
"Ferguson, Caleb",0.12137499854385222,0.06179688007922956,657571
"Rodríguez, Yerry",0.08637580163578185,0.062497917267917265,666720
"Castano, Daniel",0.13968840579710148,0.06419148936170213,641447
"Kittredge, Andrew",0.15669790903540903,0.06635273356911288,552640
"Pérez, Carlos",0.07544871794871792,0.06659999999999999,542208
"Parsons, Wes",0.01730050505050506,0.0667752808988764,641149
"Bradley, Archie",0.10866666666666666,0.06705072463768116,605151
"McKinstry, Zach",0.1816363636363636,0.06727272727272726,656716
"Rojas, Josh",0.037518181818181805,0.06795238095238094,668942
"Carasiti, Matt",0.11798907706876458,0.07434266384657011,571539
"Uelmen, Erich",0.10461764705882357,0.07439393939393939,657272
"Ríos, Yacksel",0.12303030303030303,0.07551515151515152,605441
"Burleson, Alec",0.2576071428571429,0.07798214285714287,676475
"Nolin, Sean",0.017870967741935487,0.0824838709677419,543594
"Clement, Ernie",0.2496,0.08249999999999999,676391
"León, Sandy",0.2237777777777778,0.08255555555555556,506702
"Knehr, Reiss",0.07834435626102296,0.08557575757575758,663753
"Krook, Matt",0.15105555555555555,0.08807539682539682,640454
"Kelly, Carson",0.07551388888888888,0.08903472222222224,608348
"Barnes, Matt",0.17885421425460352,0.08922279689024931,598264
"Solomon, Peter",0.14626607142857143,0.09036160714285714,656981
"Alberto, Hanser",0.13499999999999995,0.09038888888888891,593643
"Fry, David",0.010812500000000003,0.09168749999999999,681807
"Plassmeyer, Michael",0.11206810631229229,0.09176470588235294,674681
"Quezada, Johan",0.09149999999999998,0.0920625,629498
"Espino, Paolo",0.04065789473684209,0.09427631578947367,502179
"Vosler, Jason",0.014910714285714277,0.09483333333333331,613564
"Mills, Alec",0.035249999999999976,0.095175,621219
"Short, Zack",0.20940444444444445,0.10270888888888889,670097
"Pint, Riley",0.21469999999999997,0.11015,666207
"Thomas, Lane",0.34953636363636365,0.11980952380952381,657041
"Castillo, José",0.09663636363636362,0.12521739130434784,620454
"Maile, Luke",0.11324509803921569,0.12675980392156863,571912
"Claudio, Alex",0.521,0.1285,592222
"Maldonado, Martín",0.03386666666666664,0.13233333333333333,455117
"McKenna, Ryan",0.1342222222222222,0.13322222222222224,663630
"Perez, Hector",0.1703333333333334,0.1341764705882353,660431
"Beaty, Matt",0.3362727272727273,0.13668181818181818,607461
"Reed, Jake",0.30133333333333334,0.14386206896551723,596082
"Harrison, Josh",0.13516208791208795,0.1458148148148148,543281
"Luplow, Jordan",0.35359999999999997,0.15777272727272726,656669
"Pinto, René",0.017153846153846186,0.17226923076923073,650907
"Mendick, Danny",0.07503125000000002,0.233390625,664901
"Mastrobuoni, Miles",0.07541666666666669,0.23517647058823526,670156
"Phillips, Brett",0.5085833333333333,0.24771428571428572,621433
"Raley, Luke",0.3464478021978022,0.26737037037037037,670042
"Bethancourt, Christian",0.1578,0.27290000000000003,542194
